  {
	"parent": "minecraft:adventure/root",
    "display": {
        "icon": {
            "item": "minecraft:potato"
        },
        "title": "La patate",
        "description": "Obtenez une pomme de terre",
		"frame": "task",
		"show_toast": true,
		"announce_to_chat": true,
		"hidden": false
    },
       "criteria": {
    "gold_block": {
      "trigger": "minecraft:inventory_changed",
      "conditions": {
        "items": [
          {
            "item": "minecraft:potato"
          }
        ]
      }
    }
  }
}